Product Name,SKU,Image URL,Item Description,Color,Size,Material,URL
"Peugeot Antique Bistro 1874 Pepper Mill, 12cmPeugeot Antique Bistro 1874 Pepper Mill, 12cm",100789,https://peugeotmillsaustralia.com.au/cdn/shop/files/100789_a-peugeot.png?v=1751432398&width=416,"Directly inspired by the iconic Z model from 1874, this special reissue combines woodwork and steel, in a celebration of the historic craftsmanship that made Peugeot renowned. Made in France Grind adjustment button: the tighter it is screwed, the finer the grind and vice versa Lifetime mechanism warranty Pepper Mill: for grinding black, white, green, red, and pink peppercorns (no more than 15% pink in a pepper blend) and coriander seeds up to 6mm in diameter. Do not grind salt in your pepper mill. Easily identify the differences between your classic bistro mills by looking for the printed P or S on the opposite side of the Peugeot logo.",Antique Finish,12cm,Wood,https://peugeotmillsaustralia.com.au/products/peugeot-antique-bistro-1874-pepper-mill-12cm
"Peugeot Isen Long Pepper Mill, 16cmPeugeot Isen Long Pepper Mill, 16cm",100578,https://peugeotmillsaustralia.com.au/cdn/shop/files/100578_a-peugeot.png?v=1751432577&width=416,"Here is the first Peugeot mill specifically designed for long pepper and large peppercorns. This manual wooden mill is the perfect instrument for fans of peppers from around the world, especially long pepper varieties. You will no longer need a mortar and pestle to grind your long pepper. The Isen Pepper Mill's oversized mechanism can now easily take and grind this type of elongated pepper.",Natural Wood,16cm,Wood,https://peugeotmillsaustralia.com.au/products/peugeot-isen-long-pepper-mill-16cm
"Peugeot Isen u'Select Pepper Mill with Crank Handle, 18cmPeugeot Isen u'Select Pepper Mill with Crank Handle, 18cm",100575,https://peugeotmillsaustralia.com.au/cdn/shop/files/100575_a-peugeot.png?v=1751432583&width=416,"With the u’Select system allowing highly precise grinding adjustment and its contemporary ergonomic shiny metal handle, the Isen pepper mill revisits the lines of historic Peugeot mills, with a touch of modernity.",Natural Wood,18cm,Wood,https://peugeotmillsaustralia.com.au/products/peugeot-isen-uselect-pepper-mill-with-crank-handle-18cm
"Peugeot Daman Electric u'Select Salt & Pepper Mills Duo, 16cmPeugeot Daman Electric u'Select Salt & Pepper Mills Duo, 16cm",100559,https://peugeotmillsaustralia.com.au/cdn/shop/files/100559_a-peugeot.png?v=1751432600&width=416,"With this set of electric mills, Peugeot is reinforcing its innovative streak to offer the ultimate in functionality, and focusing on the playful and intuitive use of its mills. The Daman electric mill operates at the touch of a button. Efficient and silent, just pressing the button once is all it takes to produce the perfect amount of salt or pepper. In addition, there is special lighting to help you to keep a close eye on the amount of spice being ground. The Daman electric salt and pepper mills are practical, as they can be operated with one hand while you're using the other to cook with. A Peugeot signature, the patented u'Select grind control system at the base of the mills gives a taste result that is beyond perfection. Moreover, for the salt mill, its Zirconia mechanism, an innovation from Peugeot Research and Development, delivers extremely fine Powdered Salt, offering the taste pleasure of salt while limiting the quantity used. Elegance and practicality are the keywords of this set of Peugeot mills. Why not add it to your wishlist or perhaps it would make a great gift for someone who loves cooking. Compact and ergonomic design Press the button on the top of the mill to activate it Transparent reservoir helps you identify the contents quickly Equipped with a light to help you check how much salt is being ground u'Select grind adjustment system with six predefined settings 5-year product warranty Pepper Mill: For grinding black, white, green and red pepper, pink peppercorns (no more than 15% in a pepper blend) and coriander seeds - Salt Mill : For grinding dry salt (rock salt) with a crystal size of less than or equal to 4 mm. Not suitable for use with sea salt, sea flakes or wet salt",Iridescent Black,16cm,Stainless Steel,https://peugeotmillsaustralia.com.au/products/peugeot-daman-electric-uselect-salt-pepper-mills-duo-16cm
"Peugeot Daman Electric u'Select Pepper Mill, 16cmPeugeot Daman Electric u'Select Pepper Mill, 16cm",100556,https://peugeotmillsaustralia.com.au/cdn/shop/files/100556_a-peugeot.png?v=1751432604&width=416,"This 16cm u'Select Electric Pepper Mill features a beautiful iridescent black finish, which pairs perfectly with its stainless steel base. Practical and stylish, this mill is easy to use and adjust; simply select one of the six pre-defined grind settings on the base of the mill for a finer or coarser grind. Its modern, compact design blends seamlessly into any kitchen. Compact and ergonomic design A transparent reservoir helps you identify the contents quickly Equipped with a light to help you check how much pepper is being ground u'Select grinding mechanism with six predefined grind settings Lifetime mechanism warranty",Iridescent Black,16cm,Stainless Steel,https://peugeotmillsaustralia.com.au/products/peugeot-daman-electric-uselect-pepper-mill-16cm
"Peugeot Zeli Electric Pepper Mill, 14 cmPeugeot Zeli Electric Pepper Mill, 14 cm",100553,https://peugeotmillsaustralia.com.au/cdn/shop/files/100553_a-peugeot.png?v=1751432609&width=416,"The Peugeot Zeli electric pepper mill offers a comfortable one-hand operation. Made of ABS, Zeli features a brushed stainless steel finish. Designed in France Lifetime mechanism warranty Classic Grinding Mechanism Use black, white or green peppercorns up to 6mm in size. Do not use salt in pepper mill.",Stainless Steel,14cm,ABS,https://peugeotmillsaustralia.com.au/products/peugeot-zeli-electric-pepper-mill-14-cm
"Peugeot Elis Sense u'Select Electric Salt & Pepper Mills Duo, 20cmPeugeot Elis Sense u'Select Electric Salt & Pepper Mills Duo, 20cm",100552,https://peugeotmillsaustralia.com.au/cdn/shop/files/100552_a-peugeot.png?v=1751432611&width=416,"The Elis Sense duo of electric mills is made for lovers of technology and beautiful objects. A classy design composed of stainless steel and acrylic. A genuine innovation, simply touch the body and head of the mill at the same time to activate it. The mill then supplies exactly the right dose of salt or pepper. A light illuminates during use. Equipped with the Peugeot mechanism, ultra-resistant with proven performance, it guarantees perfect longevity. The u’Select patented grind control system allows for precise adjustment of coarseness as required. Six dimensions of pepper or salt are available. The salt and pepper mills that form this duo are accompanied by a container of black pepper and dry salt crystals and a duo base. With Peugeot, innovation is always in the service of the useful and enjoyable! To be offered all the time.",Stainless Steel,20cm,Stainless Steel,https://peugeotmillsaustralia.com.au/products/peugeot-elis-sense-uselect-electric-salt-pepper-mills-duo-20cm
"Peugeot Line Night Electric Zirlion u'Select Salt & Pepper Mill Gift Set, 15cmPeugeot Line Night Electric Zirlion u'Select Salt & Pepper Mill Gift Set, 15cm",100549,https://peugeotmillsaustralia.com.au/cdn/shop/files/100549_a-peugeot.png?v=1750725021&width=416,"Whether you decide to give it as a gift to your loved ones who appreciate design and fine dining, or to add it to your own wishlist, the Night Electric gift set is sure to be a hit. This stylish set includes a 15 cm Peugeot Line Electric Matte Black Pepper Mill, and a 15cm Peugeot Line Electric Matte Black Salt Mill. Features: Optimised filling thanks to the funnel-shaped reservoir Compact design and striated body for optimum grip Latest-generation Li-ion battery, long battery life and short charging time u'Select grind adjustment system with six predefined grind settings Each mechanism is backed by a lifetime mechanism warranty Pepper mill: for grinding black, white, green and red pepper, pink peppercorns (no more than 15% in a pepper blend) and coriander seeds Salt mill: for grinding dry salt (rock salt) with a crystal size of less than or equal to 4 mm; do not use wet sea salt (even dried). The perfect gift for any occasion, from Christmas and birthdays to housewarmings, Mother's Day and Father's Day.",Black Aluminium,15cm,Aluminium,https://peugeotmillsaustralia.com.au/products/peugeot-line-night-electric-z-uselect-salt-pepper-mill-gift-set-15cm
"Peugeot Line Electric Pepper Mill, 15cmPeugeot Line Electric Pepper Mill, 15cm",100545,https://peugeotmillsaustralia.com.au/cdn/shop/files/100545_a-peugeot.png?v=1751432621&width=416,"The Line electric mill, with its compact design and striated body, offers optimum grip for intuitive use in the kitchen. This ingenious item is easy to open and the reservoir is funnel-shaped to optimise the filling process. Precise u’Select adjustment is the perfect finishing touch. Using the adjustment ring at the base of the mill you can select your setting, from 1 to 6, to guarantee even grinding for whichever size you choose, to suit every taste. The Line electric mill is already proving to be the perfect gift for any occasion. Optimized filling thanks to the funnel-shaped reservoir Compact design and striated body for optimum grip Latest-generation Li-ion battery, long battery life and short charging time u'Select grind adjustment with six predefined grind settings Mechanism with a lifetime warranty Five-year warranty for the mill For grinding black, white, green and red pepper, pink peppercorns (no more than 15% in a pepper blend) and coriander seeds Original gift idea",Carbon,15cm,Aluminium,https://peugeotmillsaustralia.com.au/products/peugeot-line-electric-pepper-mill-15cm
"Peugeot Paris Prestige Pepper Mill, 110cmPeugeot Paris Prestige Pepper Mill, 110cm",100542,https://peugeotmillsaustralia.com.au/cdn/shop/files/100542_a-peugeot.png?v=1751432622&width=416,"The Peugeot Paris Prestige pepper mill is a remarkable piece. Its complete refinement marks two centuries of Peugeot history. Its height of 1 metre 10 cm makes it a powerfully beautiful giant pepper mill. The body and head are produced from a single piece of solid wood, in tribute to the region where Peugeot originated, the Franche-Comté. Functional, it is equipped with a grind control knob located on the head to adjust pepper grinding, and a pepper mechanism that comes with a lifetime guarantee. With a black lacquer finish, the Paris Prestige pepper mill is the epitome of poise. The logo, sculpted in metal, alludes to Peugeot’s two hundred year history, the rolling of steel. The shiny metal plinth offers a magnificent base. Finally the metal cup, covering the pepper mill, gives the final touch. This unique pepper mill has its own number, as one of a limited edition, accompanied by its certificate of authenticity.",Black Lacquered,110cm,Wood,https://peugeotmillsaustralia.com.au/products/peugeot-paris-prestige-pepper-mill-110cm
"Peugeot Lalique Salt & Pepper Mills Duo, 9cmPeugeot Lalique Salt & Pepper Mills Duo, 9cm",100541,https://peugeotmillsaustralia.com.au/cdn/shop/files/100541_a-peugeot.png?v=1751432624&width=416,"René Lalique is the founder of the famous French crystal glassware house of the same name. In 1924 he worked with Peugeot to create the ""Leaves” mill. The bringing together of these two fields of expertise naturally produced an exceptional piece, made entirely of crystal, with an art deco look with unique light and transparency effects. A century later, the Lalique House and the Peugeot factory are reissuing this model. The reproduction of the “leaves” motifs calls for use of ultra-modern techniques, combined with the manual actions of fifteen craftsmen. This exceptional duo of mills pays tribute to unique expertise. An outstanding model that will delight lovers of Art Deco and precious objects.",Crystal,9cm,Lalique Crystal,https://peugeotmillsaustralia.com.au/products/peugeot-lalique-salt-pepper-mills-duo-9cm
"Peugeot Palace Pepper Mill, 10cmPeugeot Palace Pepper Mill, 10cm",100537,https://peugeotmillsaustralia.com.au/cdn/shop/files/100537_a-peugeot.png?v=1751432628&width=416,"The Palace Pepper Mill is a replica of the first mill created by Peugeot in 1874. The silver plated, polished wood is luxurious and classic. Made in France Mechanism with a lifetime guarantee Classic grinding mechanism Ideal gift for yourself or others For grinding black, white, green, and red pepper, pink peppercorns (no more than 15% in a pepper blend) and coriander seeds. Grind adjustment button: the more the button is screwed, the finer the grind, and vice versa.",Aged Wood,10cm,Silver Plated Metal and Wood,https://peugeotmillsaustralia.com.au/products/peugeot-palace-pepper-mill-10cm
"Peugeot Mignonnette Pepper Mill, 10cmPeugeot Mignonnette Pepper Mill, 10cm",100535,https://peugeotmillsaustralia.com.au/cdn/shop/files/100535_a-peugeot.png?v=1751432631&width=416,"A genuine piece of fine silverware, the reissue of the first Peugeot model In 1874, at the height of the  golden age of gastronomy , Peugeot created its very first pepper mill, model Z. This fine piece adorned the tables of the grandest of banquets. To bring pleasure to history lovers and those who appreciate beautiful objects, Peugeot decided to reissue this magnificent pepper mill in a modernised version.  the Mignonnette pepper mill  is a genuine piece of fine silverware, produced in a high quality silver-plated metal. Equipped with the Peugeot mechanism, it guarantees a perfect and incomparable result. Finally, like all pieces of fine silverware, it does deserve a bit of special care on your part (regular buffing with a chamois cloth or a product specifically for silver-plated metal).",Silver,10cm,Silver Plated Metal,https://peugeotmillsaustralia.com.au/products/peugeot-mignonnette-pepper-mill-10cm
"Peugeot Vittel Pepper Mill, 23cmPeugeot Vittel Pepper Mill, 23cm",100527,https://peugeotmillsaustralia.com.au/cdn/shop/files/100527_a-peugeot.png?v=1751432634&width=416,"The Vittel pepper mill has a pure and slender profile. Chrome accents enhance the transparency of the mill . Clear acrylic combined with shiny metal With its fine slender silhouette, the Vittel pepper mill is full of charm. This transparent mill clearly shows any Pepper that is contained. Its waist is highlighted elegantly by the chrome-plated ring. It has a button, engraved with the Peugeot lion's head, that is used to adjust the pepper coarseness. Loosen the button to give coarser grinding, Tighten the knob for finer ground pepper. This mill is equipped with the Peugeot steel grinding mechanism, with a strong cutting edge, which comes with a lifetime guarantee. This compact mill will look just right on your table and can be presented as a pair with the Vittel salt mill. Please Note: Peugeot Pepper Mills distributed by Peugeot Mills Australia do not come with peppercorns inside. The image is a demonstration.",Transparent,23cm,Acrylic,https://peugeotmillsaustralia.com.au/products/peugeot-vittel-pepper-mill-23cm
"Peugeot Vittel Pepper Mill, 16cmPeugeot Vittel Pepper Mill, 16cm",100525,https://peugeotmillsaustralia.com.au/cdn/shop/files/100525_a-peugeot.png?v=1751432636&width=416,"The Vittel pepper mill has a pure and slender profile. Chrome accents enhance the transparency of the mill . Clear acrylic combined with shiny metal With its fine slender silhouette, the Vittel pepper mill is full of charm. This transparent mill clearly showsany Pepper that is contained. Its waist is highlighted elegantly by the chrome-plated ring. It has a button, engraved with the Peugeot lion's head, that is used to adjust the pepper coarseness. Loosen the button to give coarser grinding, Tighten the knob for finer ground pepper. This mill is equipped with the Peugeot steel grinding mechanism, with a strong cutting edge, which comes with a lifetime guarantee. This compact mill will look just right on your table and can be presented as a pair with the Vittel salt mill. Please Note: Peugeot Pepper Mills distributed by Peugeot Mills Australia do not come with peppercorns inside. The image is a demonstration.",Transparent,16cm,Acrylic,https://peugeotmillsaustralia.com.au/products/peugeot-vittel-pepper-mill-16-cm
"Peugeot Pontarlier Pepper Mill and Salt Shaker, 15cmPeugeot Pontarlier Pepper Mill and Salt Shaker, 15cm",100524,https://peugeotmillsaustralia.com.au/cdn/shop/files/100524_a-peugeot.png?v=1751432637&width=416,"The Peugeot ""Pontarlier” combination mill is ideal for all keen gourmets, and for those who have little space or who simply do not want two mills. This dual-function manual mill allows you to grind pepper and use the salt cellar on top! Practical and smart, it allows you to use salt and pepper almost simultaneously. As with all Peugeot mills, the exclusive grinding mechanism comes with a lifetime guarantee. In transparent acrylic, this manual mill is both functional and beautiful, on the table as well as in the kitchen. Peugeot proves again that a utensil can perfectly combine performance, practicality and beauty to offer comfort and enjoyment in use!",Transparent,15cm,Acrylic,https://peugeotmillsaustralia.com.au/products/peugeot-pontarlier-pepper-mill-and-salt-shaker-15cm
"Peugeot Chaumont Pepper Mill, 11cmPeugeot Chaumont Pepper Mill, 11cm",100522,https://peugeotmillsaustralia.com.au/cdn/shop/files/100522_a-peugeot.png?v=1751432639&width=416,"Create a bright, stylish dining ambience with the Peugeot pepper mill from the Chaumont collection. Easily recognised by its square base, this clear acrylic pepper mill is a model in the classic style, in tribute to the Chateaux of the Loire Valley. As with all Peugeot mills, the patented steel grinding mechanism comes with a lifetime guarantee. A model of elegance for all the many great and small moments of dining conviviality.",Transparent,11cm,Acrylic,https://peugeotmillsaustralia.com.au/products/peugeot-chaumont-pepper-mill-11cm
"Peugeot Baltic Pepper Mill, 8cmPeugeot Baltic Pepper Mill, 8cm",100520,https://peugeotmillsaustralia.com.au/cdn/shop/files/100520_a-peugeot.png?v=1751432641&width=416,"The Peugeot Baltic pepper mill is irresistible in terms of its shape and size. In acrylic, fully transparent, its body clearly shows the peppercorns that it contains. The highly valuable adjustment knob controls the fineness of the pepper grind (the tighter the knob, the finer the pepper). As with all Peugeot mills, the mechanism comes with a lifetime guarantee. A mill with great elegance that forms a sparkling duo with the matching salt mill.",Transparent,8cm,Acrylic,https://peugeotmillsaustralia.com.au/products/peugeot-balitc-pepper-mill-8cm
"Peugeot Royan Pepper Mill, 14cmPeugeot Royan Pepper Mill, 14cm",100515,https://peugeotmillsaustralia.com.au/cdn/shop/files/100515_a-peugeot.png?v=1751432644&width=416,"The Peugeot Royan pepper mill is a model of elegance. Its delicate metallic grey colour highlights the grain of the beechwood, for a very natural effect. Its satin appearance is enhanced by a bright stainless steel ring and knob reminding us of the world of Peugeot. This pepper mill in wood and stainless steel is equipped with a grind control knob located on the head to adjust the grind to the required size. Screw the knob tighter to obtain more finely ground pepper. The mechanism of the Royan manual pepper mill is suitable, like all Peugeot pepper mills, for black, white and green pepper, coriander seeds and pink peppercorns on condition that they are mixed with pepper (maximum of 15% pink peppercorns).",Metallic Grey,14cm,Wood,https://peugeotmillsaustralia.com.au/products/peugeot-royan-pepper-mill-14cm
"Peugeot Oslo Wet Salt & Pepper Mills Duo, 14cmPeugeot Oslo Wet Salt & Pepper Mills Duo, 14cm",100511,https://peugeotmillsaustralia.com.au/cdn/shop/files/100511_a-peugeot.png?v=1751432645&width=416,"The acrylic that makes up the duo of Oslo wet salt and pepper mills highlights the spices that it holds. Designed specifically for grinding wet salt, the salt mechanism for this duo, made of ceramic material, comes with a lifetime guarantee. An ideal solution to obtain perfect grinding of even very wet salt. As charming as it is functional, this duo brings a Nordic ambience with its transparency and its stainless steel ring. Moreover, for the salt mill, its Zirconia mechanism, an innovation from Peugeot Research and Development, delivers extremely fine Powdered Salt, offering the taste pleasure of salt while limiting the quantity used. As with all Peugeot salt and pepper mills, the Zirconia grinding mechanism comes with a lifetime guarantee. Use&Care: Clean with a soft cloth / Never put the mill into a liquid and never put it to a dishwasher Made in France Grind adjustment button: the tighter it is screwed, the finer the grind and vice versa 5-year product warranty Pepper Mill: For grinding black, white, green and red pepper, pink peppercorns (no more than 15% in a pepper blend) and coriander seeds '- Wet Salt Mill : Patented ceramic mechanism specially designed to grind wet salt crystals (Guérande salt, Noirmoutier salt, etc.)",Transparent,14cm,Acrylic & Stainless Steel,https://peugeotmillsaustralia.com.au/products/peugeot-oslo-wet-salt-pepper-mills-duo-14cm
"Peugeot Oslo Pepper Mill, 14cmPeugeot Oslo Pepper Mill, 14cm",100507,https://peugeotmillsaustralia.com.au/cdn/shop/files/100507_a-peugeot.png?v=1751432651&width=416,"The Peugeot Oslo pepper mill in acrylic and stainless steel attracts light and offers magnificent effects of transparency. The knob located on the head of the mill is used to adjust the size of grind of the pepper (the tighter the knob, the finer the pepper). The steel mechanism comes with a lifetime guarantee. A pepper mill combining beauty with function, bringing transparency and modernity to enhance your table.",Transparent,14cm,Acrylic & Stainless Steel,https://peugeotmillsaustralia.com.au/products/peugeot-oslo-pepper-mill-14cm
"Peugeot Molène Pepper Mill, 14cmPeugeot Molène Pepper Mill, 14cm",100496,https://peugeotmillsaustralia.com.au/cdn/shop/files/100496_a-peugeot.png?v=1751432657&width=416,"The Molène pepper mill plays with transparency and movement to enhance your kitchen and your table with an undeniably light touch. The twisted acrylic body of the mill creates an effect of movement and light. The peppercorns contained in the reservoir are clearly visible. Equipped with the Peugeot pepper grinding mechanism, with its lifetime guarantee, the Molène pepper mill provides perfect, incomparable grinding. The knob is used to adjust the size of grind of the pepper: the tighter the knob, the finer the pepper.",White,14cm,Acrylic,https://peugeotmillsaustralia.com.au/products/peugeot-molene-pepper-mill-14cm
"Peugeot Ouessant Pepper Mill, 14cmPeugeot Ouessant Pepper Mill, 14cm",100493,https://peugeotmillsaustralia.com.au/cdn/shop/files/100493_a-peugeot.png?v=1751432662&width=416,"The Peugeot Ouessant pepper mill is a jewel of perfection and balance. Its thoughtful design combines the transparency of acrylic with the pure radiance of stainless steel. Its transparent body highlights the purity and sensuality of the pepper that it contains. This manual pepper mill is a pleasure to use every day. Its stainless steel knob provides a grind control function. The tighter the knob, the finer the grind. As with all Peugeot mills, the mechanism comes with a lifetime guarantee.",Transparent,14cm,Acrylic & Stainless Steel,https://peugeotmillsaustralia.com.au/products/peugeot-ouessant-pepper-mill-14cm
"Peugeot Oléron Pepper Mill, 14cmPeugeot Oléron Pepper Mill, 14cm",100485,https://peugeotmillsaustralia.com.au/cdn/shop/files/100485_a-peugeot.png?v=1751432670&width=416,"The Peugeot Oléron pepper mill will stimulate all your senses. Its design combines the radiance of acrylic with the warmth of the finished wood. Its transparent body holds and enhances the pepper inside. The knob is used to adjust the size of grind of the pepper; the tighter the knob, the finer the grind. As with all Peugeot mills, the steel grinding mechanism comes with a lifetime guarantee. A mill whose design can harmoniously match all tables and kitchens.",Chocolate,14cm,Acrylic & Wood,https://peugeotmillsaustralia.com.au/products/peugeot-oleron-pepper-mill-14cm
"Peugeot Bali Pepper Mill, 8cmPeugeot Bali Pepper Mill, 8cm",100472,https://peugeotmillsaustralia.com.au/cdn/shop/files/100472_a-peugeot.png?v=1751432686&width=416,"The Peugeot Bali collection pepper mills explore a palette of colours that is not just trendy but also gourmet. Their small size (8 cm) offers perfect grip and effective use in all circumstances. On the table or in the kitchen, these pepper mills give inspiration for all your culinary creations. As with all Peugeot mills, the mechanism comes with a lifetime guarantee. The knob located on the head of the mill is used to adjust the size of grind: the tighter the knob, the finer the pepper. The stylish and elegant black version will go perfectly with the pastel colours of the salt mills of this collection. Find the complementary colour to create the partnership that is most like you",Black,8cm,Acrylic,https://peugeotmillsaustralia.com.au/products/peugeot-bali-pepper-mill-8cm
"Peugeot Baya Pepper Mill, 8cmPeugeot Baya Pepper Mill, 8cm",100470,https://peugeotmillsaustralia.com.au/cdn/shop/files/100470_a-peugeot.png?v=1751432689&width=416,"The Peugeot Baya pepper mill is sure to please all lovers of simplicity and natural beauty. The pure, slightly flared lines make it a model of great finesse. This pepper mill in chocolate-coloured beechwood (certified 100% PEFC) offers sensuality to the eye and to the touch. The metal adjustment knob brings an additional touch of refinement to this precious gem. The knob allows you to control the size of pepper grind. Extremely compact, this manual mill provides perfect grip and stability. As with all Peugeot pepper mills, the exclusive steel grinding mechanism comes with a lifetime guarantee.",Chocolate,8cm,Wood,https://peugeotmillsaustralia.com.au/products/peugeot-baya-pepper-mill-8cm
"Peugeot Madras Pepper Mill, 21cmPeugeot Madras Pepper Mill, 21cm",100452,https://peugeotmillsaustralia.com.au/cdn/shop/files/100452_a-peugeot.png?v=1751432702&width=416,"Awaken your senses with this manual pepper mill from the Paris u'Select collection. Classic lines, the Peugeot pepper mill is essential for chefs and lovers of flavour. The Madras mill features a very recent innovation: removal of the central vertical shaft. Invisible from the outside yet essential for use, this system makes it much easier and quicker to refill the mill; Simply remove the magnetic cover on the top of the mill. Peugeot’s patented U-Select system makes the mill fully adjustable from fine to coarse or anywhere in between. And to top it all, the Madras mill  is equipped with the Peugeot pepper grinding mechanism, which comes with a lifetime guarantee. Made in France Wood sourced from French PEFC™-certified forests u'Select grind adjustment system with six predefined grind settings Water-based paint and varnish Mechanism with a lifetime warranty For grinding black, white, green and red pepper, pink peppercorns (no more than 15% in a pepper blend) and coriander seeds",Chocolate,21cm,Wood & Stainless Steel,https://peugeotmillsaustralia.com.au/products/peugeot-madras-pepper-mill-21-cm
"Peugeot Madras Pepper Mill, 16cmPeugeot Madras Pepper Mill, 16cm",100450,https://peugeotmillsaustralia.com.au/cdn/shop/files/100450_a-peugeot.png?v=1751432718&width=416,"Awaken your senses with this manual pepper mill from the Paris u'Select collection. Classic lines, the Peugeot pepper mill is essential for chefs and lovers of flavour. The Madras mill features a very recent innovation: removal of the central vertical shaft. Invisible from the outside yet essential for use, this system makes it much easier and quicker to refill the mill; Simply remove the magnetic cover on the top of the mill. Peugeot’s patented U-Select system makes the mill fully adjustable from fine to coarse or anywhere in between. And to top it all, the Madras mill  is equipped with the Peugeot pepper grinding mechanism, which comes with a lifetime guarantee. Made in France Wood sourced from French PEFC™-certified forests u'Select grind adjustment system with six predefined grind settings Water-based paint and varnish Mechanism with a lifetime warranty For grinding black, white, green and red pepper, pink peppercorns (no more than 15% in a pepper blend) and coriander seeds",Chocolate,16cm,Wood & Stainless Steel,https://peugeotmillsaustralia.com.au/products/peugeot-madras-pepper-mill-16-cm
"Peugeot Daman u'Select Pepper Mill, 21cmPeugeot Daman u'Select Pepper Mill, 21cm",100447,https://peugeotmillsaustralia.com.au/cdn/shop/files/100447_a-peugeot.png?v=1751432725&width=416,"The Peugeot Daman Pepper Mill is a perfect combination of style and performance. This 21 cm manual acrylic & stainless steel pepper mill is fitted with a reservoir with a magnetic cover to make filling easier and features the u'Select grinding mechanism. Lifetime mechanism warranty u'Select Grinding Mechanism Designed in France Only use black, white or green peppercorns up to 6mm in size. Do not use salt in pepper mill.",Transparent,21cm,Acrylic & Stainless Steel,https://peugeotmillsaustralia.com.au/products/peugeot-daman-uselect-pepper-mill-21-cm
"Peugeot Daman u'Select Pepper Mill, 16cmPeugeot Daman u'Select Pepper Mill, 16cm",100445,https://peugeotmillsaustralia.com.au/cdn/shop/files/100445_a-peugeot.png?v=1751432731&width=416,"The Peugeot DamanPepper Mill is a perfect combination of style and performance. This 16 cm manual acrylic & stainless steel pepper mill is fitted with a reservoir with a magnetic cover to make filling easier and features the u'Select grinding mechanism. Lifetime mechanism warranty u'Select Grinding Mechanism Designed in France Only use black, white or green peppercorns up to 6mm in size. Do not use salt in pepper mill.",Transparent,16cm,Acrylic & Stainless Steel,https://peugeotmillsaustralia.com.au/products/peugeot-daman-uselect-pepper-mill-16-cm
"Peugeot Line Pepper Mill, 22cmPeugeot Line Pepper Mill, 22cm",100435,https://peugeotmillsaustralia.com.au/cdn/shop/files/100435_a-peugeot.png?v=1751432741&width=416,"This magnificent Line pepper mill features a head crafted from wood and a striated aluminum body. With its stylish combination of materials and superb graphical effect, it is a must-have for the table. This pepper mill is made in France and houses Peugeot's famous lifetime-guaranteed mechanism. The button on top of the mill is adorned with the Lion's mark and can be easily used to adjust the grind setting. perfect for use on the table Made in France Wood sourced from French PEFC™ -certified forests Mechanism with a lifetime warranty Five-year warranty for the mill For grinding black, white, green, and red pepper, pink peppercorns (no more than 15% in a pepper blend) and coriander seeds Grind adjustment button: the more the button is screwed, the finer the grind, and vice versa.",Graphite & Carbon,22cm,Aluminium,https://peugeotmillsaustralia.com.au/products/peugeot-line-pepper-mill-22-cm
"Peugeot Line Pepper Mill, 18cmPeugeot Line Pepper Mill, 18cm",100432,https://peugeotmillsaustralia.com.au/cdn/shop/files/100432_a-peugeot.png?v=1751432749&width=416,"This magnificent Line pepper mill features a head crafted from wood and a striated aluminum body. With its stylish combination of materials and superb graphical effect, it is a must-have for the table. This pepper mill is made in France and houses Peugeot's famous lifetime-guaranteed mechanism. The button on top of the mill is adorned with the Lion's mark and can be easily used to adjust the grind setting. perfect for use on the table Made in France Wood sourced from French PEFC™ -certified forests Mechanism with a lifetime warranty Five-year warranty for the mill For grinding black, white, green, and red pepper, pink peppercorns (no more than 15% in a pepper blend) and coriander seeds Grind adjustment button: the more the button is screwed, the finer the grind, and vice versa.",Natural Wood & Aluminium,18cm,Aluminium,https://peugeotmillsaustralia.com.au/products/peugeot-line-pepper-mill-18-cm
"Peugeot Fidji Pepper Mill, 20cmPeugeot Fidji Pepper Mill, 20cm",100423,https://peugeotmillsaustralia.com.au/cdn/shop/files/100423_a-peugeot.png?v=1751432766&width=416,"The contrast between the black wood body and the stainless steel head of the Fidji pepper mill gives a real balance to this piece. The grip of this mill is perfect thanks to its slender tapered silhouette in wood. As with all Peugeot mills, the steel grinding mechanism comes with a lifetime guarantee. The button on the mill allows you to choose your coarseness: loosening it will give coarser grinding. Beautiful and functional, the Fidji mill will be the perfect partner for your seasoning. Made in France Matte black finish on beech wood, stainless steel head Wood sourced from French PEFC™-certified forests Mechanism with a lifetime warranty For grinding peppercorns only, do not use for salt or other spices.",Olive Wood,20cm,Wood,https://peugeotmillsaustralia.com.au/products/peugeot-fidji-pepper-mill-20-cm
"Peugeot Fidji Pepper Mill, 15cmPeugeot Fidji Pepper Mill, 15cm",100417,https://peugeotmillsaustralia.com.au/cdn/shop/files/100417_a-peugeot.png?v=1751432781&width=416,"The contrast between the black wood body and the stainless steel head of the Fidji pepper mill gives a real balance to this piece. The grip of this mill is perfect thanks to its slender tapered silhouette in wood. As with all Peugeot mills, the steel grinding mechanism comes with a lifetime guarantee. The button on the mill allows you to choose your coarseness: loosening it will give coarser grinding. Beautiful and functional, the Fidji mill will be the perfect partner for your seasoning. Made in France Matte black finish on beech wood, stainless steel head Wood sourced from French PEFC™-certified forests Mechanism with a lifetime warranty For grinding peppercorns only, do not use for salt or other spices.",Black,15cm,Wood,https://peugeotmillsaustralia.com.au/products/peugeot-fidji-pepper-mill-15-cm
"Peugeot Fidji Pepper Mill, 12cmPeugeot Fidji Pepper Mill, 12cm",100415,https://peugeotmillsaustralia.com.au/cdn/shop/files/100415_a-peugeot.png?v=1751432787&width=416,"The contrast between the black wood body and the stainless steel head of the Fidji pepper mill gives a real balance to this piece. The grip of this mill is perfect thanks to its slender tapered silhouette in wood. As with all Peugeot mills, the steel grinding mechanism comes with a lifetime guarantee. The button on the mill allows you to choose your coarseness: loosening it will give coarser grinding. Beautiful and functional, the Fidji mill will be the perfect partner for your seasoning. Made in France Matte black finish on beech wood, stainless steel head Wood sourced from French PEFC™-certified forests Mechanism with a lifetime warranty For grinding peppercorns only, do not use for salt or other spices.",Black,12cm,Wood,https://peugeotmillsaustralia.com.au/products/peugeot-fidji-pepper-mill-12-cm
"Peugeot Tahiti Pepper Mill, 20cmPeugeot Tahiti Pepper Mill, 20cm",100412,https://peugeotmillsaustralia.com.au/cdn/shop/files/100412_a-peugeot.png?v=1751432791&width=416,"Created in 1968, the Tahiti pepper mill is timeless. With its elegant lines and its slender body in matteblack wood, the Tahiti mill is very much in line with current trends. The button, marked with the lion’s head adds a perfect touch to the pretty silhouette. It also conceals the grinding adjustment system that allows you to change the coarseness of your pepper. The strong cutting pepper grinding mechanism comes with a lifetime guarantee. Made In France. Wood sourced from French PEFC-certified forests. Water-based paint. Classic Grinding Mechanism: the tighter it is screwed, the finer the grind and vice versa. Each mechanism comes with a lifetime warranty. Pepper mill for grinding black, white, green, red and pink peppercorns (up to 15% in a blend) as well as coriander seeds.",Black Matte,20cm,Wood,https://peugeotmillsaustralia.com.au/products/peugeot-tahiti-pepper-mill-20-cm
"Peugeot Tahiti Pepper Mill, 15cmPeugeot Tahiti Pepper Mill, 15cm",100410,https://peugeotmillsaustralia.com.au/cdn/shop/files/100410_a-peugeot.png?v=1751432795&width=416,"Created in 1968, the Tahiti pepper mill is timeless. With its elegant lines and its slender body in matteblack wood, the Tahiti mill is very much in line with current trends. The button, marked with the lion’s head adds a perfect touch to the pretty silhouette. It also conceals the grinding adjustment system that allows you to change the coarseness of your pepper. The strong cutting pepper grinding mechanism comes with a lifetime guarantee. Made In France. Wood sourced from French PEFC-certified forests. Water-based paint. Classic Grinding Mechanism: the tighter it is screwed, the finer the grind and vice versa. Each mechanism comes with a lifetime warranty. Pepper mill for grinding black, white, green, red and pink peppercorns (up to 15% in a blend) as well as coriander seeds.",Black Matte,15cm,Wood,https://peugeotmillsaustralia.com.au/products/peugeot-tahiti-pepper-mill-15-cm
"Peugeot Tahiti Salt & Pepper Mills Duo, 20cmPeugeot Tahiti Salt & Pepper Mills Duo, 20cm",100405,https://peugeotmillsaustralia.com.au/cdn/shop/files/100405_a-peugeot.png?v=1751432797&width=416,"This Tahiti duo of salt and pepper mills has classic elegant shades. Its slender body with elongated curves incorporates the efficient Peugeot grinding mechanism, which comes with a lifetime guarantee. The wood, taken from European forests, managed sustainably, offers a smooth and subtle feel for simple enjoyable use. The button on the top of the mills is used to adjust grinding: the tighter it is, the finer the grinding. This Tahiti duo of mills goes perfectly with your contemporary tables Made In France. Wood sourced from French PEFC-certified forests. Water-based paint. Classic Grinding Mechanism: the tighter it is screwed, the finer the grind and vice versa. Each mechanism comes with a lifetime warranty. Pepper mill for grinding black, white, green, red and pink peppercorns (up to 15% in a blend) as well as coriander seeds. Salt mill for grinding dry rock salt with a crystal size of less than or equal to 4mm. Do not use wet or dried sea salt.",Black & White,20cm,Wood,https://peugeotmillsaustralia.com.au/products/peugeot-tahiti-salt-pepper-mills-duo-20cm
"Peugeot Tahiti Salt & Pepper Mills Duo, 15cmPeugeot Tahiti Salt & Pepper Mills Duo, 15cm",100400,https://peugeotmillsaustralia.com.au/cdn/shop/files/100400_a-peugeot.png?v=1751432799&width=416,"This dynamic Tahiti set of salt and pepper mills will look sensational on your dining table and put the panache into all your culinary creations. Even if you are dazzled and distracted by their colours, this striking contrast makes it easy to identify which is which. The French-made manual wooden salt and pepper mills are equipped with a lifetime-guaranteed steel mechanism and the buttons that adorn each of them disguise a clever way of adjusting the grind setting so you can achieve the texture best suited to your taste and recipe requirements Made In France. Wood sourced from French PEFC-certified forests. Water-based paint. Classic Grinding Mechanism: the tighter it is screwed, the finer the grind and vice versa. Each mechanism comes with a lifetime warranty. Pepper mill for grinding black, white, green, red and pink peppercorns (up to 15% in a blend) as well as coriander seeds. Salt mill for grinding dry rock salt with a crystal size of less than or equal to 4mm. Do not use wet or dried sea salt.",Air,15cm,Wood,https://peugeotmillsaustralia.com.au/products/peugeot-tahiti-salt-pepper-mills-duo-15cm
"Peugeot Boreal Pepper Mill, 21cmPeugeot Boreal Pepper Mill, 21cm",100392,https://peugeotmillsaustralia.com.au/cdn/shop/files/100392_a-peugeot.png?v=1751432818&width=416,"The Boreal Pepper mill is warm and modern. Its intense colour is perfect for creating a stylish pair with one of the Salt mills in the Boreal collection. Made in France PEFC™ wood, from French forests Water-based paint Mechanism with a lifetime guarantee Classic grinding mechanism Ideal gift for yourself or others For grinding black, white, green, and red pepper, pink peppercorns (no more than 15% in a pepper blend) and coriander seeds. Grind adjustment button: the more the button is screwed, the finer the grind, and vice versa.",Hazelnut,21cm,Wood,https://peugeotmillsaustralia.com.au/products/peugeot-boreal-pepper-mill-21-cm
"Peugeot Parisrama u'Select Pepper Mill, 18cmPeugeot Parisrama u'Select Pepper Mill, 18cm",100370,https://peugeotmillsaustralia.com.au/cdn/shop/files/100370_a-peugeot.png?v=1751432836&width=416,"The Paris-rama u'Select Pepper Mill now features the u'Select grinding mechanism. This Peugeot signature item is produced entirely in France, using beech sourced from local sustainably managed forests. It is equipped with a steel mechanism designed for perfect grinding of black, white, green or red peppercorns, and a patented system for precise grinding control. The mill presents a modern look in these ultra-bright, high-gloss, colours. Made In France PEFC wood from French Forests u'Select Grinding Mechanism Lifetime mechanism warranty",Pacific Blue,18cm,Wood,https://peugeotmillsaustralia.com.au/products/peugeot-paris-uselect-pepper-mill-18-cm-1
"Paris Graphite Light u'Select Salt & Pepper Mill Duo with Stainless Steel Funnel, 18cmParis Graphite Light u'Select Salt & Pepper Mill Duo with Stainless Steel Funnel, 18cm",100365,https://peugeotmillsaustralia.com.au/cdn/shop/files/PeugeotGraphiteLight_4.jpg?v=1751432851&width=416,"The Paris Graphite Light u'Select Salt & Pepper Mill Duo is the perfect gift for lovers of fresh spices and classic designs with a modern twist. Included in the gift box: - 1 x Paris u'Select Pepper Mill in Graphite finish, 18cm - 1 x Paris u'Select Salt Mill in Graphite Light finish, 18cm - 1 x Stainless Steel funnel for easy refilling of the mills Features: Made in France Wood sourced from French PEFC™-certified forests u'Select grind adjustment system with six predefined settings Water-based paint and varnish Mechanisms come with a lifetime warranty",Graphite,18cm,Wood,https://peugeotmillsaustralia.com.au/products/paris-graphite-light-uselect-salt-pepper-mill-duo-with-stainless-steel-funnel-18cm
"Peugeot Paris u'Select Pepper Mill, 40cmPeugeot Paris u'Select Pepper Mill, 40cm",100284,https://peugeotmillsaustralia.com.au/cdn/shop/files/100284_a-peugeot.png?v=1751432857&width=416,"An iconic piece with two hundred years of expertise behind it, the Paris u’Select pepper mill combines beauty and ingenuity to bring out flavour and to delight the senses. With the Peugeot pepper grinding mechanism, designed to bring out the peppercorn aromas, the Paris manual mill is a must have in cooking and seasoning. The u'Select grind control system also lets you easily select the most suitable grinding size for your tastes. Position the ring at the base of your mill on 1 for extremely fine grinding and on 6 for much coarser grinding or anywhere in between Made In France PEFC wood from French Forests u'Select grinding mechanism Lifetime mechanism warranty For grinding black, white, green and red pepper, and pink peppercorns (no more than 15% in a pepper blend).",Natural Wood,40cm,Wood,https://peugeotmillsaustralia.com.au/products/peugeot-paris-uselect-pepper-mill-40-cm
"Peugeot Paris u'Select Pepper Mill, 30cmPeugeot Paris u'Select Pepper Mill, 30cm",100314,https://peugeotmillsaustralia.com.au/cdn/shop/files/100314_a-peugeot.png?v=1751432880&width=416,"An iconic piece with two hundred years of expertise behind it, the Paris u’Select pepper mill combines beauty and ingenuity to bring out flavour and to delight the senses. With the Peugeot pepper grinding mechanism, designed to bring out the peppercorn aromas, the Paris manual mill is a must have in cooking and seasoning. The u'Select grind control system also lets you easily select the most suitable grinding size for your tastes. Position the ring at the base of your mill on 1 for extremely fine grinding and on 6 for much coarser grinding or anywhere in between Made In France PEFC wood from French Forests u'Select grinding mechanism Lifetime mechanism warranty For grinding black, white, green and red pepper, and pink peppercorns (no more than 15% in a pepper blend).",Graphite,30cm,Wood,https://peugeotmillsaustralia.com.au/products/peugeot-paris-uselect-pepper-mill-30-cm
"Peugeot Paris u'Select Pepper Mill, 27cmPeugeot Paris u'Select Pepper Mill, 27cm",100297,https://peugeotmillsaustralia.com.au/cdn/shop/files/100297_a-peugeot.png?v=1751432891&width=416,"An iconic piece with two hundred years of expertise behind it, the Paris u’Select pepper mill combines beauty and ingenuity to bring out flavour and to delight the senses. With the Peugeot pepper grinding mechanism, designed to bring out the peppercorn aromas, the Paris manual mill is a must have in cooking and seasoning. The u'Select grind control system also lets you easily select the most suitable grinding size for your tastes. Position the ring at the base of your mill on 1 for extremely fine grinding and on 6 for much coarser grinding or anywhere in between Made In France PEFC wood from French Forests u'Select grinding mechanism Lifetime mechanism warranty For grinding black, white, green and red pepper, and pink peppercorns (no more than 15% in a pepper blend).",Chocolate,27cm,Wood,https://peugeotmillsaustralia.com.au/products/peugeot-paris-uselect-pepper-mill-27-cm
"Peugeot Paris u'Select Pepper Mill, 22cmPeugeot Paris u'Select Pepper Mill, 22cm",100312,https://peugeotmillsaustralia.com.au/cdn/shop/files/100312_a-peugeot.png?v=1751432904&width=416,"An iconic piece with two hundred years of expertise behind it, the Paris u’Select pepper mill combines beauty and ingenuity to bring out flavour and to delight the senses. With the Peugeot pepper grinding mechanism, designed to bring out the peppercorn aromas, the Paris manual mill is a must have in cooking and seasoning. The u'Select grind control system also lets you easily select the most suitable grinding size for your tastes. Position the ring at the base of your mill on 1 for extremely fine grinding and on 6 for much coarser grinding or anywhere in between Made In France PEFC wood from French Forests u'Select grinding mechanism Lifetime mechanism warranty For grinding black, white, green and red pepper, and pink peppercorns (no more than 15% in a pepper blend).",Graphite,22cm,Wood,https://peugeotmillsaustralia.com.au/products/peugeot-paris-uselect-pepper-mill-22-cm
"Peugeot Paris u'Select Pepper Mill, 18cmPeugeot Paris u'Select Pepper Mill, 18cm",100275,https://peugeotmillsaustralia.com.au/cdn/shop/files/100275_a-peugeot.png?v=1751432924&width=416,"An iconic piece with two hundred years of expertise behind it, the Paris u’Select pepper mill combines beauty and ingenuity to bring out flavour and to delight the senses. With the Peugeot pepper grinding mechanism, designed to bring out the peppercorn aromas, the Paris manual mill is a must have in cooking and seasoning. The u'Select grind control system also lets you easily select the most suitable grinding size for your tastes. Position the ring at the base of your mill on 1 for extremely fine grinding and on 6 for much coarser grinding or anywhere in between Made In France PEFC wood from French Forests u'Select grinding mechanism Lifetime mechanism warranty For grinding black, white, green and red pepper, and pink peppercorns (no more than 15% in a pepper blend).",Natural Wood,18cm,Wood,https://peugeotmillsaustralia.com.au/products/peugeot-paris-uselect-pepper-mill-18-cm
"Peugeot Paris u'Select Pepper Mill, 15cmPeugeot Paris u'Select Pepper Mill, 15cm",100272,https://peugeotmillsaustralia.com.au/cdn/shop/files/100272_a-peugeot.png?v=1751432952&width=416,"An iconic piece with two hundred years of expertise behind it, the Paris u’Select pepper mill combines beauty and ingenuity to bring out flavour and to delight the senses. With the Peugeot pepper grinding mechanism, designed to bring out the peppercorn aromas, the Paris manual mill is a must have in cooking and seasoning. The u'Select grind control system also lets you easily select the most suitable grinding size for your tastes. Position the ring at the base of your mill on 1 for extremely fine grinding and on 6 for much coarser grinding or anywhere in between Made In France PEFC wood from French Forests u'Select grinding mechanism Lifetime mechanism warranty For grinding black, white, green and red pepper, and pink peppercorns (no more than 15% in a pepper blend).",Natural Wood,15cm,Wood,https://peugeotmillsaustralia.com.au/products/peugeot-paris-uselect-pepper-mill-15-cm
"Peugeot Paris u'Select Pepper Mill, 12cmPeugeot Paris u'Select Pepper Mill, 12cm",100270,https://peugeotmillsaustralia.com.au/cdn/shop/files/100270_a-peugeot.png?v=1751432964&width=416,"An iconic piece with two hundred years of expertise behind it, the Paris u’Select pepper mill combines beauty and ingenuity to bring out flavour and to delight the senses. With the Peugeot pepper grinding mechanism, designed to bring out the peppercorn aromas, the Paris manual mill is a must have in cooking and seasoning. The u'Select grind control system also lets you easily select the most suitable grinding size for your tastes. Position the ring at the base of your mill on 1 for extremely fine grinding and on 6 for much coarser grinding or anywhere in between Made In France PEFC wood from French Forests u'Select grinding mechanism Lifetime mechanism warranty For grinding black, white, green and red pepper, and pink peppercorns (no more than 15% in a pepper blend).",Natural Wood,12cm,Wood,https://peugeotmillsaustralia.com.au/products/peugeot-paris-uselect-pepper-mill-12-cm
"Paris Chef u'Select Salt and Pepper Mill Duo, 18cmParis Chef u'Select Salt and Pepper Mill Duo, 18cm",100265,https://peugeotmillsaustralia.com.au/cdn/shop/files/100265_a-peugeot.png?v=1751432974&width=416,"Peugeot's Paris Chef, beloved by chefs, boasts a sleek stainless steel body and u'Select grinding mechanism for precision. With their iconic profiles and durable finishes, this set of mills elevates flavour effortlessly. u'Select grind adjustment system with six predefined settings Stylish stainless steel body Lifetime warranty on the grinding mechanisms",Stainless Steel,18cm,Stainless Steel,https://peugeotmillsaustralia.com.au/products/paris-chef-uselect-salt-and-pepper-mill-duo-18-cm
"Peugeot Paris Chef u'Select Pepper Mill, 30cmPeugeot Paris Chef u'Select Pepper Mill, 30cm",100256,https://peugeotmillsaustralia.com.au/cdn/shop/files/100256_a-peugeot.png?v=1751432975&width=416,"A large-capacity reservoir, with stainless steel coating and a selection of grinding size, this pepper mill provides all the functions that you need for cooking under the conditions of a great chef. Excellent grip with the mill's curved shape Made in France Mechanism with a lifetime warranty Five-year warranty for the mill For grinding black, white, green and red pepper, pink peppercorns (no more than 15% in a pepper blend) and coriander seeds Patented u'Select grind adjustment system",Stainless Steel,30cm,Stainless Steel,https://peugeotmillsaustralia.com.au/products/peugeot-paris-chef-uselect-pepper-mill-30-cm
"Peugeot Paris Chef u'Select Pepper Mill, 22cmPeugeot Paris Chef u'Select Pepper Mill, 22cm",100253,https://peugeotmillsaustralia.com.au/cdn/shop/files/100253_a-peugeot.png?v=1751432977&width=416,"The Paris Chef pepper mill replicates the lines of the emblematic Peugeot mill in a brilliant stainless steel finish. A professional mill to accompany you in the seasoning of your dishes. Height: 22 cm Excellent grip with the mill's curved shape Made in France Mechanism with a lifetime warranty Five-year warranty for the mill For grinding black, white, green and red pepper, pink peppercorns (no more than 15% in a pepper blend) and coriander seeds Patented u'Select grind adjustment system",Stainless Steel,22cm,Stainless Steel,https://peugeotmillsaustralia.com.au/products/peugeot-paris-chef-uselect-pepper-mill-22-cm
"Peugeot Paris Chef u'Select Pepper Mill, 18cmPeugeot Paris Chef u'Select Pepper Mill, 18cm",100250,https://peugeotmillsaustralia.com.au/cdn/shop/files/100250_a-peugeot.png?v=1751432982&width=416,"The Peugeot Paris Chef pepper mill made entirely of stainless steel is the mill of the great chefs. With its emblematic shape and its stainless steel coating, it will instantly appeal to the most discerning of lovers of flavours. Excellent grip with the mill's curved shape Made in France Mechanism with a lifetime warranty Five-year warranty for the mill For grinding black, white, green and red pepper, pink peppercorns (no more than 15% in a pepper blend) and coriander seeds Patented u'Select grind adjustment system",Stainless Steel,18cm,Stainless Steel,https://peugeotmillsaustralia.com.au/products/peugeot-paris-chef-uselect-pepper-mill-in-stainless-steel-18-cm
"Peugeot Paris Antique Pepper Mill, 22cmPeugeot Paris Antique Pepper Mill, 22cm",100241,https://peugeotmillsaustralia.com.au/cdn/shop/files/100241_a-peugeot.png?v=1751432986&width=416,"In tribute to the exceptional adventure of the Peugeot mills, the Paris Antique collection pepper mill evokes the past. The magical charm of the patina of age has been restored by hand with the greatest delicacy. The PEFC™ certified beech wood used to carve the mill is selected with the greatest care. The knob located on the top of the mill, with an aged appearance and marked with the lion’s head, is used to adjust the grind of the pepper. The tighter the knob, the finer the grind. Its mechanism, treated against corrosion, comes with a lifetime guarantee. Collectors or lovers of antique objects, this pepper mill is made for you. Made in France Wood sourced from French PEFC™-certified forests Mechanism carries a lifetime warranty Adjust grind with turn of knob, turn head of mill clockwise only to grind. Two year warranty for the body of the mill For grinding black, white, green and red pepper, and pink peppercorns (no more than 15% in a pepper blend).",Aged Wood,22cm,Wood,https://peugeotmillsaustralia.com.au/products/peugeot-paris-antique-pepper-mill-22-cm
"Peugeot Paris Antique Pepper Mill, 18cmPeugeot Paris Antique Pepper Mill, 18cm",100239,https://peugeotmillsaustralia.com.au/cdn/shop/files/100239_a-peugeot.png?v=1751432988&width=416,"In tribute to the exceptional adventure of the Peugeot mills, the Paris Antique collection pepper mill evokes the past. The magical charm of the patina of age has been restored by hand with the greatest delicacy. The PEFC™ certified beech wood used to carve the mill is selected with the greatest care. The knob located on the top of the mill, with an aged appearance and marked with the lion’s head, is used to adjust the grind of the pepper. The tighter the knob, the finer the grind. Its mechanism, treated against corrosion, comes with a lifetime guarantee. Collectors or lovers of antique objects, this pepper mill is made for you. Made in France Wood sourced from French PEFC™-certified forests Mechanism carries a lifetime warranty Adjust grind with turn of knob, turn head of mill clockwise only to grind. Two year warranty for the body of the mill For grinding black, white, green and red pepper, and pink peppercorns (no more than 15% in a pepper blend).",Aged Wood,18cm,Wood,https://peugeotmillsaustralia.com.au/products/peugeot-paris-antique-pepper-mill-18-cm
"Peugeot Paris Nature Pepper Mill, 40cmPeugeot Paris Nature Pepper Mill, 40cm",100228,https://peugeotmillsaustralia.com.au/cdn/shop/files/100228_a-peugeot.png?v=1751432991&width=416,"Peugeot's classic and timeless manual wooden pepper mill has been a favourite among fine-dining fans for many years. This mill features the perfect ergonomic design for use on the table. This nature-inspired pepper mill will elevate the look of your countertops in a minimalist way, and become your favourite cooking companion for years to come. The button on top, marked with the brand's lion head in black for pepper, allows you to easily adjust the grind size according to your taste. A finer grind for more heat, or a coarser grind for a more intense flavour. Made in France Mill crafted from pieces of wood that have been discarded after painting and subsequently upcycled Wood sourced from French PEFC™-certified forests A coloured eco-friendly plant-based varnish Textured finish on the wood body produced by sandblasting Mechanism carries a lifetime warranty Adjust grind with turn of knob, turn head of mill clockwise only to grind. Two year warranty for the body of the mill For grinding black, white, green and red pepper, and pink peppercorns (no more than 15% in a pepper blend).",Natural Nature,40cm,Wood,https://peugeotmillsaustralia.com.au/products/peugeot-paris-nature-pepper-mill-40-cm
"Peugeot Paris Nature Pepper Mill, 30cmPeugeot Paris Nature Pepper Mill, 30cm",100226,https://peugeotmillsaustralia.com.au/cdn/shop/files/100226_a-peugeot.png?v=1751432996&width=416,"Peugeot's classic and timeless manual wooden pepper mill has been a favourite among fine-dining fans for many years. This mill features the perfect ergonomic design for use on the table. This nature-inspired pepper mill will elevate the look of your countertops in a minimalist way, and become your favourite cooking companion for years to come. The button on top, marked with the brand's lion head in black for pepper, allows you to easily adjust the grind size according to your taste. A finer grind for more heat, or a coarser grind for a more intense flavour. Made in France Mill crafted from pieces of wood that have been discarded after painting and subsequently upcycled Wood sourced from French PEFC™-certified forests A coloured eco-friendly plant-based varnish Textured finish on the wood body produced by sandblasting Mechanism carries a lifetime warranty Adjust grind with turn of knob, turn head of mill clockwise only to grind. Two year warranty for the body of the mill For grinding black, white, green and red pepper, and pink peppercorns (no more than 15% in a pepper blend).",Natural Nature,30cm,Wood,https://peugeotmillsaustralia.com.au/products/peugeot-paris-nature-pepper-mill-30-cm
"Peugeot Paris Nature Pepper Mill, 22cmPeugeot Paris Nature Pepper Mill, 22cm",100224,https://peugeotmillsaustralia.com.au/cdn/shop/files/100224_a-peugeot.png?v=1751433004&width=416,"Peugeot's classic and timeless manual wooden pepper mill has been a favourite among fine-dining fans for many years. This mill features the perfect ergonomic design for use on the table. This nature-inspired pepper mill will elevate the look of your countertops in a minimalist way, and become your favourite cooking companion for years to come. The button on top, marked with the brand's lion head in black for pepper, allows you to easily adjust the grind size according to your taste. A finer grind for more heat, or a coarser grind for a more intense flavour. Made in France Mill crafted from pieces of wood that have been discarded after painting and subsequently upcycled Wood sourced from French PEFC™-certified forests A coloured eco-friendly plant-based varnish Textured finish on the wood body produced by sandblasting Mechanism carries a lifetime warranty Adjust grind with turn of knob, turn head of mill clockwise only to grind. Two year warranty for the body of the mill For grinding black, white, green and red pepper, and pink peppercorns (no more than 15% in a pepper blend).",Natural Nature,22cm,Wood,https://peugeotmillsaustralia.com.au/products/peugeot-paris-nature-pepper-mill-22-cm
"Peugeot Paris Nature Pepper Mill, 18cmPeugeot Paris Nature Pepper Mill, 18cm",100222,https://peugeotmillsaustralia.com.au/cdn/shop/files/100222_a-peugeot.png?v=1751433013&width=416,"Peugeot's classic and timeless manual wooden pepper mill has been a favourite among fine-dining fans for many years. This mill features the perfect ergonomic design for use on the table. This nature-inspired pepper mill will elevate the look of your countertops in a minimalist way, and become your favourite cooking companion for years to come. The button on top, marked with the brand's lion head in black for pepper, allows you to easily adjust the grind size according to your taste. A finer grind for more heat, or a coarser grind for a more intense flavour. Made in France Mill crafted from pieces of wood that have been discarded after painting and subsequently upcycled Wood sourced from French PEFC™-certified forests A coloured eco-friendly plant-based varnish Textured finish on the wood body produced by sandblasting Mechanism carries a lifetime warranty Adjust grind with turn of knob, turn head of mill clockwise only to grind. Two year warranty for the body of the mill For grinding black, white, green and red pepper, and pink peppercorns (no more than 15% in a pepper blend).",Natural Nature,18cm,Wood,https://peugeotmillsaustralia.com.au/products/peugeot-paris-nature-pepper-mill-18-cm
"Peugeot Paris Nature Pepper Mill, 12cmPeugeot Paris Nature Pepper Mill, 12cm",100220,https://peugeotmillsaustralia.com.au/cdn/shop/files/100220_a-peugeot.png?v=1751433017&width=416,"Peugeot's classic and timeless manual wooden pepper mill has been a favourite among fine-dining fans for many years. This mill features the perfect ergonomic design for use on the table. This nature-inspired pepper mill will elevate the look of your countertops in a minimalist way, and become your favourite cooking companion for years to come. The button on top, marked with the brand's lion head in black for pepper, allows you to easily adjust the grind size according to your taste. A finer grind for more heat, or a coarser grind for a more intense flavour. Made in France Mill crafted from pieces of wood that have been discarded after painting and subsequently upcycled Wood sourced from French PEFC™-certified forests A coloured eco-friendly plant-based varnish Textured finish on the wood body produced by sandblasting Mechanism carries a lifetime warranty Adjust grind with turn of knob, turn head of mill clockwise only to grind. Two year warranty for the body of the mill For grinding black, white, green and red pepper, and pink peppercorns (no more than 15% in a pepper blend).",Natural Nature,12cm,Wood,https://peugeotmillsaustralia.com.au/products/peugeot-paris-nature-pepper-mill-12-cm
"Peugeot Paris Pepper Mill, 80cmPeugeot Paris Pepper Mill, 80cm",100198,https://peugeotmillsaustralia.com.au/cdn/shop/files/100198_a-peugeot.png?v=1751433024&width=416,"Paris, the Peugeot flagship model, is available in many colours and sizes to bring you the greatest of pleasure. The Paris pepper mill, produced in beech wood, can be seen here, simply and authentically, in its natural colour. Produced at the Peugeot factory, located in the East of France, this mill is turned, painted and assembled with the greatest of care, in accordance with the values of the Peugeot brand. Paris is a robust and high-quality piece, equipped with the strong efficient Peugeot pepper grinding mechanism, which comes with a lifetime guarantee. An undeniable sign of superior quality for chefs and all those with a passion for gastronomy. Made In France PEFC wood from French Forests Classic grinding mechanism Lifetime mechanism warranty",Chocolate,80cm,Wood,https://peugeotmillsaustralia.com.au/products/peugeot-paris-pepper-mill-80-cm
"Peugeot Paris Pepper Mill, 50cmPeugeot Paris Pepper Mill, 50cm",100197,https://peugeotmillsaustralia.com.au/cdn/shop/files/100197_a-peugeot.png?v=1751433027&width=416,"Paris, the Peugeot flagship model, is available in many colours and sizes to bring you the greatest of pleasure. The Paris pepper mill, produced in beech wood, can be seen here, simply and authentically, in its natural colour. Produced at the Peugeot factory, located in the East of France, this mill is turned, painted and assembled with the greatest of care, in accordance with the values of the Peugeot brand. Paris is a robust and high-quality piece, equipped with the strong efficient Peugeot pepper grinding mechanism, which comes with a lifetime guarantee. An undeniable sign of superior quality for chefs and all those with a passion for gastronomy. Made In France PEFC wood from French Forests Classic grinding mechanism Lifetime mechanism warranty",Chocolate,50cm,Wood,https://peugeotmillsaustralia.com.au/products/peugeot-paris-pepper-mill-50-cm
"Peugeot Paris Pepper Mill, 40cmPeugeot Paris Pepper Mill, 40cm",100196,https://peugeotmillsaustralia.com.au/cdn/shop/files/100196_a-peugeot.png?v=1751433030&width=416,"Paris, the Peugeot flagship model, is available in many colours and sizes to bring you the greatest of pleasure. The Paris pepper mill, produced in beech wood, can be seen here, simply and authentically, in its natural colour. Produced at the Peugeot factory, located in the East of France, this mill is turned, painted and assembled with the greatest of care, in accordance with the values of the Peugeot brand. Paris is a robust and high-quality piece, equipped with the strong efficient Peugeot pepper grinding mechanism, which comes with a lifetime guarantee. An undeniable sign of superior quality for chefs and all those with a passion for gastronomy. Made In France PEFC wood from French Forests Classic grinding mechanism Lifetime mechanism warranty",Chocolate,40cm,Wood,https://peugeotmillsaustralia.com.au/products/peugeot-paris-pepper-mill-40-cm
"Peugeot Paris Pepper Mill, 30cmPeugeot Paris Pepper Mill, 30cm",100186,https://peugeotmillsaustralia.com.au/cdn/shop/files/100186_a-peugeot.png?v=1751433035&width=416,"Paris, the Peugeot flagship model, is available in many colours and sizes to bring you the greatest of pleasure. The Paris pepper mill, produced in beech wood, can be seen here, simply and authentically, in its natural colour. Produced at the Peugeot factory, located in the East of France, this mill is turned, painted and assembled with the greatest of care, in accordance with the values of the Peugeot brand. Paris is a robust and high-quality piece, equipped with the strong efficient Peugeot pepper grinding mechanism, which comes with a lifetime guarantee. An undeniable sign of superior quality for chefs and all those with a passion for gastronomy. Made In France PEFC wood from French Forests Classic grinding mechanism Lifetime mechanism warranty",Natural Wood,30cm,Wood,https://peugeotmillsaustralia.com.au/products/peugeot-paris-pepper-mill-30-cm
"Peugeot Paris Pepper Mill, 22cmPeugeot Paris Pepper Mill, 22cm",100184,https://peugeotmillsaustralia.com.au/cdn/shop/files/100184_a-peugeot.png?v=1751433042&width=416,"Paris, the Peugeot flagship model, is available in many colours and sizes to bring you the greatest of pleasure. The Paris pepper mill, produced in beech wood, can be seen here, simply and authentically, in its natural colour. Produced at the Peugeot factory, located in the East of France, this mill is turned, painted and assembled with the greatest of care, in accordance with the values of the Peugeot brand. Paris is a robust and high-quality piece, equipped with the strong efficient Peugeot pepper grinding mechanism, which comes with a lifetime guarantee. An undeniable sign of superior quality for chefs and all those with a passion for gastronomy. Made In France PEFC wood from French Forests Classic grinding mechanism Lifetime mechanism warranty",Natural Wood,22cm,Wood,https://peugeotmillsaustralia.com.au/products/peugeot-paris-pepper-mill-22-cm
"Peugeot Parisrama Pepper Mill, 18cmPeugeot Parisrama Pepper Mill, 18cm",100207,https://peugeotmillsaustralia.com.au/cdn/shop/files/100207_a-peugeot.png?v=1751433056&width=416,"Paris, the Peugeot flagship model, is available in many colours and sizes to bring you the greatest of pleasure. A firm favourite among leading chefs, this pepper mill model has been restyled to bring a pop of contemporary colour to your kitchen as part of the new Parisrama collection. Made In France PEFC wood from French Forests Classic grinding mechanism Lifetime mechanism warranty",Pacific Blue,18cm,Wood,https://peugeotmillsaustralia.com.au/products/peugeot-parisrama-pepper-mill-18-cm
"Peugeot Paris Pepper Mill, 18cmPeugeot Paris Pepper Mill, 18cm",100182,https://peugeotmillsaustralia.com.au/cdn/shop/files/100182_a-peugeot.png?v=1751433060&width=416,"Paris, the Peugeot flagship model, is available in many colours and sizes to bring you the greatest of pleasure. The Paris pepper mill, produced in beech wood, can be seen here, simply and authentically, in its natural colour. Produced at the Peugeot factory, located in the East of France, this mill is turned, painted and assembled with the greatest of care, in accordance with the values of the Peugeot brand. Paris is a robust and high-quality piece, equipped with the strong efficient Peugeot pepper grinding mechanism, which comes with a lifetime guarantee. An undeniable sign of superior quality for chefs and all those with a passion for gastronomy. Made In France PEFC wood from French Forests Classic grinding mechanism Lifetime mechanism warranty",Natural Wood,18cm,Wood,https://peugeotmillsaustralia.com.au/products/peugeot-paris-pepper-mill-18-cm
"Peugeot Paris Pepper Mill, 12cmPeugeot Paris Pepper Mill, 12cm",100180,https://peugeotmillsaustralia.com.au/cdn/shop/files/100180_a-peugeot.png?v=1751433067&width=416,"The Paris mill is recognised throughout the world by its generous curves and its exceptionally good performance. The Paris pepper mill is produced in PEFC™ certified beech wood, taken from local Franche-Comté forests. The mill is turned, painted and assembled carefully at the Peugeot factory, located in the East of France. The Paris pepper mill is an essential item in the Peugeot range. This compact mill brings out the flavour of the pepper that it holds by means of the steel mechanism, which comes with a lifetime guarantee. It is the symbol of refined and authentic cooking. The golden knob on top of this mill, engraved with the lion’s head, provides an extremely simple way to change the size of the grind. Choose a fine grind to build up the power of the pepper or a coarser grind to reveal the aromas Made In France PEFC wood from French Forests Classic grinding mechanism Lifetime mechanism warranty",Natural Wood,12cm,Wood,https://peugeotmillsaustralia.com.au/products/peugeot-paris-pepper-mill-12-cm
"Peugeot Nancy Salt & Pepper Mills Duo in Acrylic, 18cmPeugeot Nancy Salt & Pepper Mills Duo in Acrylic, 18cm",100175,https://peugeotmillsaustralia.com.au/cdn/shop/files/100175_a-peugeot.png?v=1751433071&width=416,"The Peugeot Nancy collection replicates the silhouette of the emblematic Paris model in an acrylic finish. The total transparency provides a glimpse of the spices that it holds and stimulates your senses. The Nancy salt and pepper mill duo is an essential of the table and the kitchen. The adjustment knob in shiny metal, placed at the top of these two mills, is used to adjust salt and pepper coarseness to your preference. From the finest grinding to the coarsest, you can season the dishes that you prepare, according to your preferences.",Transparent,18cm,Acrylic,https://peugeotmillsaustralia.com.au/products/peugeot-nancy-salt-pepper-mills-duo-in-acrylic-18-cm
"Peugeot Nancy Salt & Pepper Mills Duo in Acrylic, 12cmPeugeot Nancy Salt & Pepper Mills Duo in Acrylic, 12cm",100174,https://peugeotmillsaustralia.com.au/cdn/shop/files/100174_a-peugeot.png?v=1751433073&width=416,"The Peugeot Nancy collection replicates the silhouette of the emblematic Paris model in an acrylic finish. The total transparency provides a glimpse of the spices that it holds and stimulates your senses. The Nancy salt and pepper mill duo is an essential of the table and the kitchen. The adjustment knob in shiny metal, placed at the top of these two mills, is used to adjust salt and pepper coarseness to your preference. From the finest grinding to the coarsest, you can season the dishes that you prepare, according to your preferences.",Transparent,12cm,Acrylic,https://peugeotmillsaustralia.com.au/products/peugeot-nancy-salt-pepper-mills-duo-in-acrylic-12-cm
"Peugeot Nancy Pepper Mill in Acrylic, 38cmPeugeot Nancy Pepper Mill in Acrylic, 38cm",100172,https://peugeotmillsaustralia.com.au/cdn/shop/files/100172_a-peugeot.png?v=1751433080&width=416,"The Peugeot Nancy collection pepper mills are transparent mills with a timeless design. Produced entirely in acrylic, they highlight and enhance the peppers that they hold, to be very pleasing to the eye. These pepper mills are equipped with an adjustment knob on the head to adjust the grind to suit you. You Tighten the knob to obtain fine grind and you loosen it to obtain coarser grinding. At the table and in the kitchen, these transparent pepper mills pay tribute to the pleasure of the senses, spices and flavours",Transparent,38cm,Acrylic,https://peugeotmillsaustralia.com.au/products/peugeot-nancy-pepper-mill-in-acrylic-38-cm
"Peugeot Nancy Pepper Mill in Acrylic, 30cmPeugeot Nancy Pepper Mill in Acrylic, 30cm",100170,https://peugeotmillsaustralia.com.au/cdn/shop/files/100170_a-peugeot.png?v=1751433081&width=416,"The Peugeot Nancy collection pepper mills are transparent mills with a timeless design. Produced entirely in acrylic, they highlight and enhance the peppers that they hold, to be very pleasing to the eye. These pepper mills are equipped with an adjustment knob on the head to adjust the grind to suit you. You Tighten the knob to obtain fine grind and you loosen it to obtain coarser grinding. At the table and in the kitchen, these transparent pepper mills pay tribute to the pleasure of the senses, spices and flavours",Transparent,30cm,Acrylic,https://peugeotmillsaustralia.com.au/products/peugeot-nancy-pepper-mill-in-acrylic-30-cm
"Peugeot Nancy Pepper Mill in Acrylic, 22cmPeugeot Nancy Pepper Mill in Acrylic, 22cm",100168,https://peugeotmillsaustralia.com.au/cdn/shop/files/100168_a-peugeot.png?v=1751433084&width=416,"The Peugeot Nancy collection pepper mills are transparent mills with a timeless design. Produced entirely in acrylic, they highlight and enhance the peppers that they hold, to be very pleasing to the eye. These pepper mills are equipped with an adjustment knob on the head to adjust the grind to suit you. You Tighten the knob to obtain fine grind and you loosen it to obtain coarser grinding. At the table and in the kitchen, these transparent pepper mills pay tribute to the pleasure of the senses, spices and flavours",Transparent,22cm,Acrylic,https://peugeotmillsaustralia.com.au/products/peugeot-nancy-pepper-mill-in-acrylic-22-cm
"Peugeot Nancy Pepper Mill in Acrylic, 18cmPeugeot Nancy Pepper Mill in Acrylic, 18cm",100165,https://peugeotmillsaustralia.com.au/cdn/shop/files/100165_a-peugeot.png?v=1751433086&width=416,"The Peugeot Nancy collection pepper mills are transparent mills with a timeless design. Produced entirely in acrylic, they highlight and enhance the peppers that they hold, to be very pleasing to the eye. These pepper mills are equipped with an adjustment knob on the head to adjust the grind to suit you. You Tighten the knob to obtain fine grind and you loosen it to obtain coarser grinding. At the table and in the kitchen, these transparent pepper mills pay tribute to the pleasure of the senses, spices and flavours",Transparent,18cm,Acrylic,https://peugeotmillsaustralia.com.au/products/peugeot-nancy-pepper-mill-in-acrylic-18-cm
"Peugeot Nancy Pepper Mill in Acrylic, 12cmPeugeot Nancy Pepper Mill in Acrylic, 12cm",100163,https://peugeotmillsaustralia.com.au/cdn/shop/files/100163_a-peugeot.png?v=1751433091&width=416,"The Peugeot Nancy collection pepper mills are transparent mills with a timeless design. Produced entirely in acrylic, they highlight and enhance the peppers that they hold, to be very pleasing to the eye. These pepper mills are equipped with an adjustment knob on the head to adjust the grind to suit you. You Tighten the knob to obtain fine grind and you loosen it to obtain coarser grinding. At the table and in the kitchen, these transparent pepper mills pay tribute to the pleasure of the senses, spices and flavours",Transparent,12cm,Acrylic,https://peugeotmillsaustralia.com.au/products/peugeot-nancy-pepper-mill-in-acrylic-12-cm
"Peugeot Bistro Nature Pepper Mill, 10cmPeugeot Bistro Nature Pepper Mill, 10cm",100151,https://peugeotmillsaustralia.com.au/cdn/shop/files/100151_a-peugeot.png?v=1751433101&width=416,"The body of the French-made Bistro Nature pepper mill is made from bits of wood that are discarded during the manufacturing process. The wood is given a textured finish by blasting with ground nutshells. This technique offers the wood a unique look and feel. An eco-friendly varnish comprising linseed oil and carnauba wax is then applied to extend the mill's service life and increase its resistance to wear and tear. As with all Peugeot mills, the Bistro Nature pepper mill features a lifetime-guaranteed steel mechanism. The 10 cm Bistro Nature mill is filled with Kampot black pepper grown on a certified organic and fair trade farm. In the kitchen, this powerful pepper with its fruity notes will enhance your culinary showstoppers",Natural Nature,10cm,Wood,https://peugeotmillsaustralia.com.au/products/peugeot-bistro-antique-pepper-mill-in-aged-wood-10-cm-copy
"Peugeot Bistro Antique Pepper Mill in Aged Wood, 10 cmPeugeot Bistro Antique Pepper Mill in Aged Wood, 10 cm",100141,https://peugeotmillsaustralia.com.au/cdn/shop/files/100141_a-peugeot.png?v=1751433105&width=416,"In 1874, Peugeot invented its first table pepper mill, model Z and thus revolutionized the world of gastronomy. Reissue of this model, the Bistro pepper mill is emblematic of Peugeot expertise and has become an essential in cafes and French bouchons. This Peugeot vintage pepper mill is made of aged beech wood. Each item is unique and worked by hand with the greatest delicacy to restore the beauty and charm of a patina of age. The Antique Bistro mill is equipped with Peugeot’s exclusive pepper mechanism, which comes with a lifetime guarantee. The grind can be adjusted using the knob located on the head of the mill. The tighter it is screwed in, the finer the pepper. A tribute to the charms of the past, the wooden Antique Bistro pepper mill will bring a touch of nostalgia to your home.",Aged Wood,10cm,Wood,https://peugeotmillsaustralia.com.au/products/peugeot-bistro-pepper-mill-in-acrylic-10-cm-copy
"Peugeot Bistro Pepper Mill in Acrylic, 10 cmPeugeot Bistro Pepper Mill in Acrylic, 10 cm",100106,https://peugeotmillsaustralia.com.au/cdn/shop/files/100106_a-peugeot.png?v=1751433181&width=416,"Bistro, the first table mill, created in 1874 and featuring Peugeot's original design, has been updated in transparent acrylic to bring a contemporary look to the table. This French-made manual pepper mill gained iconic status as a typical fixture on restaurant tables. This model is equipped with a patented mechanism featuring a lifetime warranty. It has been designed to grind black, white, red and green pepper, as well as pink peppercorns (if mixed with another pepper). The jewel button on top of the mill adjusts the grind setting in a single motion. Made in France Mechanism with a lifetime warranty For grinding black, white, green, and red pepper, pink peppercorns (no more than 15% in a pepper blend) and coriander seeds Grind adjustment button: the more the button is screwed, the finer the grind, and vice versa",Transparent,10cm,Acrylic,https://peugeotmillsaustralia.com.au/products/peugeot-bistro-transparent-pepper-mill-10-cm
"Peugeot BBQ Pepper Mill in Graphite, 30 cmPeugeot BBQ Pepper Mill in Graphite, 30 cm",100465,https://peugeotmillsaustralia.com.au/cdn/shop/files/100465_a-peugeot.png?v=1751433114&width=416,"Peugeot has brought its innovative flair to the wonderful world of alfresco living by presenting a pepper mill with a built-in light specially designed for everyday outdoor use on the BBQ. Made in France Light switches on when the pepper mill is tilted to a 25Â° angle and gradually switches off when vertical LED Light with a long battery life The handle makes it easily portable Shock-resistant to impact Wood sourced from French PEFC-certified forests Water-based paint and varnish Classic grind adjustment system: turn the knob clockwise for a finer grind, or counterclockwise for a coarser grind Mechanism comes with a lifetime warranty For grinding black, white, green, red and pink peppercorns (up to 15% in a blend) as well as coriander seeds",Graphite,30cm,Wood,https://peugeotmillsaustralia.com.au/products/peugeot-bbq-pepper-mill-in-graphite-wood-30cm
"Peugeot Daman u'Select Salt & Pepper Mills Duo, 16 cmPeugeot Daman u'Select Salt & Pepper Mills Duo, 16 cm",100449,https://peugeotmillsaustralia.com.au/cdn/shop/files/100449_a-peugeot.jpg?v=1751433116&width=416,"The Peugeot Daman Salt & Pepper Mills Duo is a perfect combination of style and performance. Features: Made in France Transparent Body made from acrylic and stainless steel accents u'Select Grinding Mechanism:Tighten or loosen the base of the mill to choose between 6 grinding options, from fine to coarse Each grinding mechanism comes with a lifetime mechanism warranty",Transparent,16cm,Acrylic & Stainless Steel,https://peugeotmillsaustralia.com.au/products/peugeot-daman-s-p-duo-16cm-uselect
"Peugeot Line Pepper Mill, 12 cmPeugeot Line Pepper Mill, 12 cm",100430,https://peugeotmillsaustralia.com.au/cdn/shop/files/100430_a-peugeot.png?v=1751433118&width=416,"This magnificent Line pepper mill features a head crafted from wood and a striated aluminum body. With its stylish combination of materials and superb graphical effect, it is a must-have for the table. This pepper mill is made in France and houses Peugeot's famous lifetime-guaranteed mechanism. The button on top of the mill is adorned with the Lion's mark and can be easily used to adjust the grind setting. perfect for use on the table Made in France Wood sourced from French PEFC™ -certified forests Mechanism with a lifetime warranty Five-year warranty for the mill For grinding black, white, green, and red pepper, pink peppercorns (no more than 15% in a pepper blend) and coriander seeds Grind adjustment button: the more the button is screwed, the finer the grind, and vice versa.",Natural Wood & Aluminium,12cm,Aluminium,https://peugeotmillsaustralia.com.au/products/peugeot-pepper-mill-in-aluminium-body-12-cm
"Peugeot Bistro Chef Pepper Mill in Stainless Steel, 10 cmPeugeot Bistro Chef Pepper Mill in Stainless Steel, 10 cm",100143,https://peugeotmillsaustralia.com.au/cdn/shop/files/100143_a-peugeot.jpg?v=1751433141&width=416,"The Peugeot Bistro Chef pepper mill is emblematic of the expertise of its manufacturer. In brushed stainless steel, this Peugeot pepper mill is essential for all great tables and kitchens. Made in France Made with a stainless steel body Classic grind adjustment system: turn the knob clockwise for a finer grind, or counterclockwise for a coarser grind The mechanism comes with a lifetime warranty For grinding black, white, green, red and pink peppercorns (up to 15% in a blend) as well as coriander seeds",Stainless Steel,10cm,Stainless Steel,https://peugeotmillsaustralia.com.au/products/bistro-chef-pepper-mill-in-stainless-steel-10-cm
"Peugeot Bistrorama Pepper Mill, 10 cmPeugeot Bistrorama Pepper Mill, 10 cm",100116,https://peugeotmillsaustralia.com.au/cdn/shop/files/100116_a-peugeot.png?v=1751433160&width=416,"The Bistro Pepper Mill inspired by the model Z, created by Peugeot in 1874, became a real object of desire. Features: Made in France PEFC™ wood, from French forests Radiant colour and shining finish To be combined with the other colours of the Bistrorama collection, to create custom bold pair of your own. Mechanism with a lifetime guarantee The perfect gift to treat yourself or others. Grind adjustment button: the more the button is screwed, the finer the grind, and vice versa. For grinding black, white, green, and red pepper, pink peppercorns (no more than 15% in a pepper blend) and coriander seeds.",Grey,10cm,Wood,https://peugeotmillsaustralia.com.au/products/peugeot-bistro-pepper-mill-in-passion-red-10-cm
"Peugeot Bistro Pepper Mill, 10 cmPeugeot Bistro Pepper Mill, 10 cm",100100,https://peugeotmillsaustralia.com.au/cdn/shop/files/100100_a-peugeot.png?v=1751433180&width=416,"A reproduction of the silhouette of the first Peugeot model created in 1874, the Bistro wooden pepper mill is one of the models that are most emblematic of Peugeot. This mill is a great classic as a treat for yourself or a gift for a loved one. Made In France PEFC wood from French Forests Classic grinding mechanism Lifetime mechanism warranty For best use, only grind black, white, green, red and pink peppercorns (up to 15% in a blend). Do not grind salt in pepper mill.",Natural Wood,10cm,n/a,https://peugeotmillsaustralia.com.au/products/peugeot-bistro-pepper-mill-in-natural-wood-10-cm
